collected_at,destination,city,date,temp_max,temp_min,precipitation_mm,wind_max_kmh
2026-04-02 13:40:58,STN,London,2026-04-03,14.9,8.6,1.3,21.2
2026-04-02 13:40:58,STN,London,2026-04-05,12.0,8.7,0.3,29.2
2026-04-02 13:40:58,STN,London,2026-04-07,15.5,7.1,0.3,17.6
2026-04-02 13:40:59,STN,London,2026-04-09,11.0,7.2,6.6,15.6
2026-04-02 13:40:59,STN,London,2026-04-11,9.8,3.4,3.9,19.7
2026-04-02 13:40:59,STN,London,2026-04-13,10.1,2.1,0.0,13.2
2026-04-02 13:41:00,STN,London,2026-04-15,12.9,4.9,1.2,6.9
2026-04-02 13:41:00,STN,London,2026-04-17,16.3,4.4,0.0,11.9
2026-04-02 13:41:00,BCN,Barcelona,2026-04-03,18.8,9.1,0.0,14.8
2026-04-02 13:41:01,BCN,Barcelona,2026-04-05,19.0,12.4,0.0,16.3
2026-04-02 13:41:01,BCN,Barcelona,2026-04-07,19.2,9.7,0.0,13.1
2026-04-02 13:41:01,BCN,Barcelona,2026-04-09,19.1,9.9,2.1,32.4
2026-04-02 13:41:02,BCN,Barcelona,2026-04-11,15.4,12.3,0.0,21.0
2026-04-02 13:41:02,BCN,Barcelona,2026-04-13,12.8,9.5,8.7,20.7
2026-04-02 13:41:02,BCN,Barcelona,2026-04-15,16.2,10.8,0.0,14.8
2026-04-02 13:41:03,BCN,Barcelona,2026-04-17,15.6,14.2,0.0,15.7
2026-04-02 13:41:03,CIA,Rome,2026-04-03,20.6,10.5,0.0,16.5
2026-04-02 13:41:03,CIA,Rome,2026-04-05,21.3,7.6,0.0,11.6
2026-04-02 13:41:04,CIA,Rome,2026-04-07,19.6,10.6,0.0,14.3
2026-04-02 13:41:04,CIA,Rome,2026-04-09,21.2,7.4,0.3,17.1
2026-04-02 13:41:04,CIA,Rome,2026-04-11,21.9,10.9,0.0,20.1
2026-04-02 13:41:05,CIA,Rome,2026-04-13,16.6,9.4,2.1,14.5
2026-04-02 13:41:05,CIA,Rome,2026-04-15,18.1,8.7,0.0,25.3
2026-04-02 13:41:05,CIA,Rome,2026-04-17,17.0,6.7,0.0,23.1
2026-04-02 13:41:06,BVA,Paris,2026-04-03,12.0,5.7,0.2,12.5
2026-04-02 13:41:06,BVA,Paris,2026-04-05,14.4,8.8,0.0,16.6
2026-04-02 13:41:06,BVA,Paris,2026-04-07,22.8,9.1,0.0,13.9
2026-04-02 13:41:06,BVA,Paris,2026-04-09,18.8,8.7,0.3,16.6
2026-04-02 13:41:07,BVA,Paris,2026-04-11,12.4,8.3,1.2,18.6
2026-04-02 13:41:07,BVA,Paris,2026-04-13,11.7,7.2,0.3,16.6
2026-04-02 13:41:07,BVA,Paris,2026-04-15,16.8,7.9,0.0,14.8
2026-04-02 13:41:08,BVA,Paris,2026-04-17,17.5,8.2,0.0,11.6
2026-04-02 13:41:08,EIN,Eindhoven,2026-04-03,11.9,4.8,0.3,19.8
2026-04-02 13:41:08,EIN,Eindhoven,2026-04-05,14.3,7.6,0.5,23.9
2026-04-02 13:41:09,EIN,Eindhoven,2026-04-07,18.2,4.6,0.0,15.4
2026-04-02 13:41:09,EIN,Eindhoven,2026-04-09,13.2,10.1,3.9,11.2
2026-04-02 13:41:09,EIN,Eindhoven,2026-04-11,8.8,5.0,7.5,21.5
2026-04-02 13:41:10,EIN,Eindhoven,2026-04-13,9.2,1.3,0.0,7.3
2026-04-02 13:41:10,EIN,Eindhoven,2026-04-15,13.0,5.4,0.6,9.6
2026-04-02 13:41:10,EIN,Eindhoven,2026-04-17,16.9,2.2,0.0,16.3
2026-04-02 13:41:11,MAD,Madrid,2026-04-03,21.9,4.7,0.0,14.0
2026-04-02 13:41:11,MAD,Madrid,2026-04-05,24.8,9.5,0.0,7.6
2026-04-02 13:41:11,MAD,Madrid,2026-04-07,18.5,12.1,19.05,15.4
2026-04-02 13:41:12,MAD,Madrid,2026-04-09,16.3,7.3,0.0,27.7
2026-04-02 13:41:12,MAD,Madrid,2026-04-11,20.7,9.6,0.0,17.0
2026-04-02 13:41:12,MAD,Madrid,2026-04-13,16.2,8.8,0.0,26.0
2026-04-02 13:41:13,MAD,Madrid,2026-04-15,20.6,7.6,0.0,19.2
2026-04-02 13:41:13,MAD,Madrid,2026-04-17,21.5,10.5,0.0,16.0
2026-04-02 13:41:13,PMI,Mallorca,2026-04-03,19.5,7.7,0.0,12.3
2026-04-02 13:41:14,PMI,Mallorca,2026-04-05,21.1,10.3,0.0,16.4
2026-04-02 13:41:14,PMI,Mallorca,2026-04-07,23.3,9.0,0.0,11.7
2026-04-02 13:41:14,PMI,Mallorca,2026-04-09,20.2,8.1,0.3,40.0
2026-04-02 13:41:15,PMI,Mallorca,2026-04-11,19.4,7.8,0.0,17.7
2026-04-02 13:41:15,PMI,Mallorca,2026-04-13,17.2,9.1,2.1,39.0
2026-04-02 13:41:15,PMI,Mallorca,2026-04-15,19.2,8.1,0.0,21.2
2026-04-02 13:41:15,PMI,Mallorca,2026-04-17,17.8,8.1,0.0,14.8
2026-04-02 13:41:16,AGP,Malaga,2026-04-03,22.7,12.1,0.0,15.1
2026-04-02 13:41:16,AGP,Malaga,2026-04-05,21.9,9.9,0.0,11.8
2026-04-02 13:41:16,AGP,Malaga,2026-04-07,17.5,14.0,13.35,6.0
2026-04-02 13:41:17,AGP,Malaga,2026-04-09,22.2,7.8,0.0,31.9
2026-04-02 13:41:17,AGP,Malaga,2026-04-11,22.6,14.2,0.0,11.8
2026-04-02 13:41:17,AGP,Malaga,2026-04-13,23.4,15.2,0.0,32.1
2026-04-02 13:41:18,AGP,Malaga,2026-04-15,20.7,13.2,0.0,14.6
2026-04-02 13:41:18,AGP,Malaga,2026-04-17,20.2,12.9,0.0,19.3
2026-04-02 13:41:18,DUB,Dublin,2026-04-03,11.2,7.0,1.1,26.3
2026-04-02 13:41:19,DUB,Dublin,2026-04-05,9.8,4.2,1.8,30.2
2026-04-02 13:41:19,DUB,Dublin,2026-04-07,10.9,8.9,1.5,32.0
2026-04-02 13:41:19,DUB,Dublin,2026-04-09,10.8,6.4,5.55,30.4
2026-04-02 13:41:20,DUB,Dublin,2026-04-11,10.3,3.2,6.6,30.8
2026-04-02 13:41:20,DUB,Dublin,2026-04-13,8.4,6.9,21.6,37.7
2026-04-02 13:41:20,DUB,Dublin,2026-04-15,10.2,6.1,2.4,20.2
2026-04-02 13:41:21,DUB,Dublin,2026-04-17,12.0,7.5,1.2,13.0
2026-04-02 13:41:21,ATH,Athens,2026-04-03,18.0,11.2,1.6,12.0
2026-04-02 13:41:21,ATH,Athens,2026-04-05,19.3,10.4,0.0,19.0
2026-04-02 13:41:22,ATH,Athens,2026-04-07,22.8,10.0,0.0,11.6
2026-04-02 13:41:22,ATH,Athens,2026-04-09,21.5,13.6,0.0,18.4
2026-04-02 13:41:22,ATH,Athens,2026-04-11,15.6,11.2,2.7,45.1
2026-04-02 13:41:22,ATH,Athens,2026-04-13,12.5,8.5,0.0,12.9
2026-04-02 13:41:23,ATH,Athens,2026-04-15,16.6,10.3,1.5,28.6
2026-04-02 13:41:23,ATH,Athens,2026-04-17,13.6,9.4,0.3,20.9
2026-04-02 13:41:23,LIS,Lisbon,2026-04-03,23.9,12.3,0.0,10.7
2026-04-02 13:41:24,LIS,Lisbon,2026-04-05,25.6,13.3,0.0,5.7
2026-04-02 13:41:24,LIS,Lisbon,2026-04-07,16.2,11.9,16.2,23.6
2026-04-02 13:41:24,LIS,Lisbon,2026-04-09,19.6,11.2,0.0,26.0
2026-04-02 13:41:25,LIS,Lisbon,2026-04-11,20.8,11.4,0.0,25.4
2026-04-02 13:41:25,LIS,Lisbon,2026-04-13,18.5,11.3,0.0,26.7
2026-04-02 13:41:25,LIS,Lisbon,2026-04-15,23.6,10.8,0.0,20.9
2026-04-02 13:41:26,LIS,Lisbon,2026-04-17,25.1,14.2,0.0,11.2
2026-04-02 13:41:26,OPO,Porto,2026-04-03,20.3,7.8,0.0,11.8
2026-04-02 13:41:26,OPO,Porto,2026-04-05,18.2,9.8,0.0,9.2
2026-04-02 13:41:27,OPO,Porto,2026-04-07,15.0,11.7,27.75,18.2
2026-04-02 13:41:27,OPO,Porto,2026-04-09,14.6,11.2,0.0,35.0
2026-04-02 13:41:27,OPO,Porto,2026-04-11,14.6,11.5,0.0,29.1
2026-04-02 13:41:28,OPO,Porto,2026-04-13,15.2,8.3,0.3,35.9
2026-04-02 13:41:28,OPO,Porto,2026-04-15,19.8,9.6,0.0,23.5
2026-04-02 13:41:28,OPO,Porto,2026-04-17,23.6,15.0,0.0,19.0
2026-04-02 13:41:29,VLC,Valencia,2026-04-03,21.0,10.8,0.0,13.2
2026-04-02 13:41:29,VLC,Valencia,2026-04-05,21.6,11.6,0.0,12.0
2026-04-02 13:41:29,VLC,Valencia,2026-04-07,18.7,9.7,0.3,9.8
2026-04-02 13:41:30,VLC,Valencia,2026-04-09,22.8,12.7,0.0,37.6
2026-04-02 13:41:30,VLC,Valencia,2026-04-11,21.7,10.9,0.0,28.5
2026-04-02 13:41:30,VLC,Valencia,2026-04-13,16.9,10.8,0.6,28.2
2026-04-02 13:41:31,VLC,Valencia,2026-04-15,17.7,9.4,0.0,22.1
2026-04-02 13:41:31,VLC,Valencia,2026-04-17,17.2,10.7,0.0,19.5
2026-04-02 13:41:31,SVQ,Seville,2026-04-03,25.2,9.7,0.0,13.4
2026-04-02 13:41:32,SVQ,Seville,2026-04-05,29.2,10.1,0.0,10.5
2026-04-02 13:41:32,SVQ,Seville,2026-04-07,19.1,13.5,15.0,20.4
2026-04-02 13:41:32,SVQ,Seville,2026-04-09,21.8,6.2,0.0,22.6
2026-04-02 13:41:32,SVQ,Seville,2026-04-11,26.3,10.6,0.0,12.8
2026-04-02 13:41:33,SVQ,Seville,2026-04-13,23.9,8.8,0.0,20.5
2026-04-02 13:41:33,SVQ,Seville,2026-04-15,24.2,10.3,0.0,24.0
2026-04-02 13:41:33,SVQ,Seville,2026-04-17,25.8,9.6,0.0,25.4
2026-04-02 13:41:34,ACE,Lanzarote,2026-04-03,22.7,16.3,0.0,28.9
2026-04-02 13:41:34,ACE,Lanzarote,2026-04-05,22.2,16.9,0.0,18.3
2026-04-02 13:41:34,ACE,Lanzarote,2026-04-07,20.5,16.8,0.3,35.2
2026-04-02 13:41:35,ACE,Lanzarote,2026-04-09,20.5,15.5,0.9,54.3
2026-04-02 13:41:35,ACE,Lanzarote,2026-04-11,22.8,15.6,0.0,31.5
2026-04-02 13:41:35,ACE,Lanzarote,2026-04-13,22.6,16.3,0.0,22.5
2026-04-02 13:41:36,ACE,Lanzarote,2026-04-15,21.9,15.5,0.0,35.1
2026-04-02 13:41:36,ACE,Lanzarote,2026-04-17,23.0,15.2,0.0,27.2
2026-04-02 13:41:36,FCO,Rome FCO,2026-04-03,19.9,11.8,0.0,22.4
2026-04-02 13:41:37,FCO,Rome FCO,2026-04-05,19.3,8.7,0.0,11.8
2026-04-02 13:41:37,FCO,Rome FCO,2026-04-07,15.9,11.8,0.0,12.5
2026-04-02 13:41:37,FCO,Rome FCO,2026-04-09,17.1,12.9,0.3,19.1
2026-04-02 13:41:38,FCO,Rome FCO,2026-04-11,19.8,11.2,0.0,23.0
2026-04-02 13:41:38,FCO,Rome FCO,2026-04-13,15.2,10.5,2.4,15.8
2026-04-02 13:41:38,FCO,Rome FCO,2026-04-15,16.7,10.5,0.0,36.6
2026-04-02 13:41:39,FCO,Rome FCO,2026-04-17,16.8,8.6,0.0,34.9
2026-04-02 13:41:39,MXP,Milan,2026-04-03,20.7,7.4,0.0,11.0
2026-04-02 13:41:39,MXP,Milan,2026-04-05,22.8,10.1,0.0,9.2
2026-04-02 13:41:39,MXP,Milan,2026-04-07,24.0,11.8,0.0,7.3
2026-04-02 13:41:40,MXP,Milan,2026-04-09,16.0,10.8,6.6,16.2
2026-04-02 13:41:40,MXP,Milan,2026-04-11,14.1,9.6,0.0,12.6
2026-04-02 13:41:40,MXP,Milan,2026-04-13,10.7,7.8,0.3,7.9
2026-04-02 13:41:41,MXP,Milan,2026-04-15,17.0,9.4,0.0,16.2
2026-04-02 13:41:41,MXP,Milan,2026-04-17,17.6,8.8,0.0,18.2
2026-04-02 13:41:41,NAP,Naples,2026-04-03,17.7,10.0,0.0,19.2
2026-04-02 13:41:42,NAP,Naples,2026-04-05,20.7,9.1,0.0,10.9
2026-04-02 13:41:42,NAP,Naples,2026-04-07,16.9,12.4,0.0,10.1
2026-04-02 13:41:42,NAP,Naples,2026-04-09,20.0,12.7,0.0,13.0
2026-04-02 13:41:43,NAP,Naples,2026-04-11,22.1,13.8,0.0,18.7
2026-04-02 13:41:43,NAP,Naples,2026-04-13,16.1,12.1,0.3,21.6
2026-04-02 13:41:43,NAP,Naples,2026-04-15,17.8,10.7,0.3,17.8
2026-04-02 13:41:44,NAP,Naples,2026-04-17,14.6,9.6,0.0,23.3
2026-04-02 13:41:44,BRI,Bari,2026-04-03,16.2,10.7,1.1,18.9
2026-04-02 13:41:44,BRI,Bari,2026-04-05,17.1,9.8,0.0,12.3
2026-04-02 13:41:45,BRI,Bari,2026-04-07,19.5,9.7,0.0,8.3
2026-04-02 13:41:45,BRI,Bari,2026-04-09,22.3,12.9,0.3,18.4
2026-04-02 13:41:45,BRI,Bari,2026-04-11,16.2,11.5,1.2,30.9
2026-04-02 13:41:46,BRI,Bari,2026-04-13,16.6,7.7,0.0,13.7
2026-04-02 13:41:46,BRI,Bari,2026-04-15,15.6,10.8,5.1,30.3
2026-04-02 13:41:46,BRI,Bari,2026-04-17,11.1,8.8,2.7,25.4
2026-04-02 13:41:47,TSF,Venice,2026-04-03,17.6,9.7,0.0,10.4
2026-04-02 13:41:47,TSF,Venice,2026-04-05,18.2,10.5,0.0,11.4
2026-04-02 13:41:47,TSF,Venice,2026-04-07,21.0,10.2,0.0,11.0
2026-04-02 13:41:48,TSF,Venice,2026-04-09,15.8,11.5,3.3,15.8
2026-04-02 13:41:48,TSF,Venice,2026-04-11,13.1,8.8,0.0,31.3
2026-04-02 13:41:48,TSF,Venice,2026-04-13,11.8,8.2,0.0,15.6
2026-04-02 13:41:48,TSF,Venice,2026-04-15,14.0,8.8,0.0,28.1
2026-04-02 13:41:49,TSF,Venice,2026-04-17,13.3,7.0,0.0,21.7
2026-04-13 11:21:34,STN,London,2026-04-14,15.6,6.3,0.0,17.3
2026-04-13 11:21:35,STN,London,2026-04-16,15.8,9.9,0.3,14.8
2026-04-13 11:21:35,STN,London,2026-04-18,15.2,11.2,0.3,12.6
2026-04-13 11:21:36,STN,London,2026-04-20,14.1,5.9,0.0,15.0
2026-04-13 11:21:37,STN,London,2026-04-22,17.2,9.1,0.0,13.2
2026-04-13 11:21:38,STN,London,2026-04-24,16.6,7.4,0.3,18.9
2026-04-13 11:21:38,STN,London,2026-04-26,11.9,3.5,0.0,15.9
2026-04-13 11:21:39,STN,London,2026-04-28,17.8,6.9,0.0,25.0
2026-04-13 11:21:39,BCN,Barcelona,2026-04-14,18.5,11.6,0.0,18.6
2026-04-13 11:21:40,BCN,Barcelona,2026-04-16,20.7,13.1,0.0,12.7
2026-04-13 11:21:45,BCN,Barcelona,2026-04-18,23.3,11.3,0.0,9.7
2026-04-13 11:21:46,BCN,Barcelona,2026-04-20,18.9,14.0,0.45,15.5
2026-04-13 11:21:46,BCN,Barcelona,2026-04-22,18.6,16.0,0.0,17.2
2026-04-13 11:21:47,BCN,Barcelona,2026-04-24,18.2,15.9,0.3,14.9
2026-04-13 11:21:47,BCN,Barcelona,2026-04-26,18.6,16.1,0.0,18.1
2026-04-13 11:21:48,BCN,Barcelona,2026-04-28,17.1,14.5,6.0,10.9
2026-04-13 11:21:48,CIA,Rome,2026-04-14,20.4,15.5,0.3,20.2
2026-04-13 11:21:48,CIA,Rome,2026-04-16,24.5,14.8,0.3,10.4
2026-04-13 11:21:49,CIA,Rome,2026-04-18,23.8,13.1,0.0,11.5
2026-04-13 11:21:49,CIA,Rome,2026-04-20,20.4,13.9,1.05,12.4
2026-04-13 11:21:50,CIA,Rome,2026-04-22,22.0,12.5,0.0,17.4
2026-04-13 11:21:50,CIA,Rome,2026-04-24,23.9,13.7,0.0,17.1
2026-04-13 11:21:50,CIA,Rome,2026-04-26,29.0,17.7,0.0,15.9
2026-04-13 11:21:51,CIA,Rome,2026-04-28,26.4,16.5,0.0,16.1
2026-04-13 11:21:51,BVA,Paris,2026-04-14,16.6,5.5,0.0,8.1
2026-04-13 11:21:52,BVA,Paris,2026-04-16,19.2,10.7,0.0,8.1
2026-04-13 11:21:52,BVA,Paris,2026-04-18,22.8,13.2,6.3,8.7
2026-04-13 11:21:52,BVA,Paris,2026-04-20,20.3,7.3,0.3,13.5
2026-04-13 11:21:53,BVA,Paris,2026-04-22,17.1,14.1,0.3,14.8
2026-04-13 11:21:53,BVA,Paris,2026-04-24,17.3,9.2,3.0,18.6
2026-04-13 11:21:54,BVA,Paris,2026-04-26,13.9,10.0,0.9,15.2
2026-04-13 11:21:54,BVA,Paris,2026-04-28,23.1,13.8,0.3,18.9
2026-04-13 11:21:55,EIN,Eindhoven,2026-04-14,17.1,5.3,0.0,8.3
2026-04-13 11:21:55,EIN,Eindhoven,2026-04-16,18.3,10.5,0.5,13.7
2026-04-13 11:21:55,EIN,Eindhoven,2026-04-18,16.2,10.3,0.3,11.6
2026-04-13 11:21:56,EIN,Eindhoven,2026-04-20,9.3,5.2,1.5,14.0
2026-04-13 11:21:56,EIN,Eindhoven,2026-04-22,16.2,4.9,0.0,10.8
2026-04-13 11:21:57,EIN,Eindhoven,2026-04-24,12.6,5.2,0.6,20.9
2026-04-13 11:21:57,EIN,Eindhoven,2026-04-26,10.6,2.0,3.0,23.8
2026-04-13 11:21:57,EIN,Eindhoven,2026-04-28,21.0,4.0,0.3,29.2
2026-04-13 11:21:58,MAD,Madrid,2026-04-14,20.4,8.1,0.0,11.5
2026-04-13 11:21:58,MAD,Madrid,2026-04-16,24.4,10.8,0.0,9.5
2026-04-13 11:21:59,MAD,Madrid,2026-04-18,24.5,13.9,0.0,8.9
2026-04-13 11:21:59,MAD,Madrid,2026-04-20,26.4,12.9,0.6,23.7
2026-04-13 11:22:00,MAD,Madrid,2026-04-22,24.7,14.8,0.0,24.7
2026-04-13 11:22:00,MAD,Madrid,2026-04-24,22.6,16.2,0.6,13.0
2026-04-13 11:22:00,MAD,Madrid,2026-04-26,19.7,11.3,0.0,18.8
2026-04-13 11:22:01,MAD,Madrid,2026-04-28,15.1,8.8,1.2,21.7
2026-04-13 11:22:01,PMI,Mallorca,2026-04-14,18.3,7.5,0.0,18.4
2026-04-13 11:22:02,PMI,Mallorca,2026-04-16,23.2,8.6,0.0,13.2
2026-04-13 11:22:02,PMI,Mallorca,2026-04-18,23.9,12.9,0.0,13.7
2026-04-13 11:22:02,PMI,Mallorca,2026-04-20,23.7,13.9,0.3,10.5
2026-04-13 11:22:03,PMI,Mallorca,2026-04-22,24.0,13.1,0.0,22.0
2026-04-13 11:22:03,PMI,Mallorca,2026-04-24,22.1,16.2,0.0,23.0
2026-04-13 11:22:04,PMI,Mallorca,2026-04-26,24.4,15.4,1.2,17.5
2026-04-13 11:22:04,PMI,Mallorca,2026-04-28,20.6,13.8,0.6,34.2
2026-04-13 11:22:04,AGP,Malaga,2026-04-14,23.9,13.8,0.0,16.3
2026-04-13 11:22:05,AGP,Malaga,2026-04-16,23.1,14.5,0.0,9.4
2026-04-13 11:22:05,AGP,Malaga,2026-04-18,24.9,11.0,0.0,11.2
2026-04-13 11:22:06,AGP,Malaga,2026-04-20,25.1,11.2,0.0,10.8
2026-04-13 11:22:06,AGP,Malaga,2026-04-22,27.1,18.8,0.0,9.0
2026-04-13 11:22:06,AGP,Malaga,2026-04-24,23.4,17.3,0.6,16.1
2026-04-13 11:22:07,AGP,Malaga,2026-04-26,23.7,14.9,0.0,10.8
2026-04-13 11:22:07,AGP,Malaga,2026-04-28,17.2,12.7,5.4,15.5
2026-04-13 11:22:07,DUB,Dublin,2026-04-14,15.5,8.6,4.9,20.2
2026-04-13 11:22:08,DUB,Dublin,2026-04-16,14.3,8.8,0.0,35.3
2026-04-13 11:22:08,DUB,Dublin,2026-04-18,10.8,6.8,2.1,23.0
2026-04-13 11:22:09,DUB,Dublin,2026-04-20,11.6,5.5,0.0,24.2
2026-04-13 11:22:09,DUB,Dublin,2026-04-22,11.8,8.5,0.0,14.1
2026-04-13 11:22:09,DUB,Dublin,2026-04-24,13.4,5.0,0.0,20.1
2026-04-13 11:22:10,DUB,Dublin,2026-04-26,9.0,2.6,1.8,24.4
2026-04-13 11:22:10,DUB,Dublin,2026-04-28,13.2,5.2,0.0,21.9
2026-04-13 11:22:11,ATH,Athens,2026-04-14,19.5,12.0,0.4,10.3
2026-04-13 11:22:11,ATH,Athens,2026-04-16,21.7,15.3,0.0,14.3
2026-04-13 11:22:11,ATH,Athens,2026-04-18,23.0,11.9,0.0,15.2
2026-04-13 11:22:12,ATH,Athens,2026-04-20,19.1,11.1,0.0,16.3
2026-04-13 11:22:12,ATH,Athens,2026-04-22,20.3,13.6,0.0,14.7
2026-04-13 11:22:15,ATH,Athens,2026-04-24,23.5,15.0,0.0,14.7
2026-04-13 11:22:15,ATH,Athens,2026-04-26,24.3,17.1,0.0,15.1
2026-04-13 11:22:16,ATH,Athens,2026-04-28,23.7,18.4,0.0,17.7
2026-04-13 11:22:16,LIS,Lisbon,2026-04-14,19.7,13.7,0.0,13.1
2026-04-13 11:22:17,LIS,Lisbon,2026-04-16,22.1,13.2,0.0,14.5
2026-04-13 11:22:17,LIS,Lisbon,2026-04-18,21.3,14.0,0.0,14.7
2026-04-13 11:22:17,LIS,Lisbon,2026-04-20,22.5,13.7,0.0,20.6
2026-04-13 11:22:18,LIS,Lisbon,2026-04-22,24.6,12.5,0.0,17.7
2026-04-13 11:22:18,LIS,Lisbon,2026-04-24,22.2,11.7,0.0,22.4
2026-04-13 11:22:19,LIS,Lisbon,2026-04-26,18.2,12.0,0.0,20.5
2026-04-13 11:22:19,LIS,Lisbon,2026-04-28,16.1,11.7,3.9,28.9
2026-04-13 11:22:19,OPO,Porto,2026-04-14,16.7,12.4,1.0,9.8
2026-04-13 11:22:20,OPO,Porto,2026-04-16,17.9,9.0,0.0,13.2
2026-04-13 11:22:20,OPO,Porto,2026-04-18,16.0,12.0,0.0,21.3
2026-04-13 11:22:21,OPO,Porto,2026-04-20,16.7,12.4,0.0,17.9
2026-04-13 11:22:21,OPO,Porto,2026-04-22,15.5,11.2,0.0,16.6
2026-04-13 11:22:21,OPO,Porto,2026-04-24,17.3,8.7,0.0,30.1
2026-04-13 11:22:22,OPO,Porto,2026-04-26,15.8,11.2,0.0,20.7
2026-04-13 11:22:22,OPO,Porto,2026-04-28,14.3,8.9,0.0,27.8
2026-04-13 11:22:23,VLC,Valencia,2026-04-14,20.6,11.1,0.0,15.5
2026-04-13 11:22:23,VLC,Valencia,2026-04-16,22.7,13.4,0.0,13.1
2026-04-13 11:22:24,VLC,Valencia,2026-04-18,24.0,14.4,0.0,13.0
2026-04-13 11:22:24,VLC,Valencia,2026-04-20,21.2,13.5,0.0,18.0
2026-04-13 11:22:25,VLC,Valencia,2026-04-22,22.6,14.4,0.0,24.7
2026-04-13 11:22:25,VLC,Valencia,2026-04-24,19.9,15.6,0.0,26.0
2026-04-13 11:22:26,VLC,Valencia,2026-04-26,21.9,14.9,0.0,24.7
2026-04-13 11:22:26,VLC,Valencia,2026-04-28,23.9,13.7,0.6,42.7
2026-04-13 11:22:27,SVQ,Seville,2026-04-14,24.0,11.1,0.0,11.0
2026-04-13 11:22:27,SVQ,Seville,2026-04-16,29.3,15.0,0.0,6.9
2026-04-13 11:22:27,SVQ,Seville,2026-04-18,29.4,14.7,0.0,11.5
2026-04-13 11:22:28,SVQ,Seville,2026-04-20,28.9,13.8,0.0,19.2
2026-04-13 11:22:31,SVQ,Seville,2026-04-22,30.4,13.9,0.0,11.0
2026-04-13 11:22:31,SVQ,Seville,2026-04-24,27.8,15.6,10.2,19.9
2026-04-13 11:22:31,SVQ,Seville,2026-04-26,20.6,10.7,0.0,20.7
2026-04-13 11:22:32,SVQ,Seville,2026-04-28,19.3,9.4,6.9,37.9
2026-04-13 11:22:32,ACE,Lanzarote,2026-04-14,20.5,16.0,0.0,47.3
2026-04-13 11:22:33,ACE,Lanzarote,2026-04-16,23.6,16.7,0.0,34.6
2026-04-13 11:22:33,ACE,Lanzarote,2026-04-18,27.3,18.0,0.0,17.4
2026-04-13 11:22:34,ACE,Lanzarote,2026-04-20,28.8,19.5,0.0,26.3
2026-04-13 11:22:34,ACE,Lanzarote,2026-04-22,25.2,19.3,0.0,17.3
2026-04-13 11:22:35,ACE,Lanzarote,2026-04-24,22.6,17.0,0.0,17.5
2026-04-13 11:22:35,ACE,Lanzarote,2026-04-26,21.6,15.9,0.0,25.6
2026-04-13 11:22:36,ACE,Lanzarote,2026-04-28,22.6,16.2,0.0,33.5
2026-04-13 11:22:36,FCO,Rome FCO,2026-04-14,18.9,15.1,2.5,22.5
2026-04-13 11:22:37,FCO,Rome FCO,2026-04-16,21.4,15.2,0.1,17.0
2026-04-13 11:22:37,FCO,Rome FCO,2026-04-18,19.6,15.7,0.0,11.8
2026-04-13 11:22:38,FCO,Rome FCO,2026-04-20,18.9,15.3,0.6,12.2
2026-04-13 11:22:38,FCO,Rome FCO,2026-04-22,19.1,12.3,0.0,13.7
2026-04-13 11:22:38,FCO,Rome FCO,2026-04-24,20.4,14.0,0.0,24.4
2026-04-13 11:22:39,FCO,Rome FCO,2026-04-26,24.2,17.5,0.0,18.6
2026-04-13 11:22:39,FCO,Rome FCO,2026-04-28,22.4,16.4,0.0,17.3
2026-04-13 11:22:40,MXP,Milan,2026-04-14,19.1,12.8,9.1,12.5
2026-04-13 11:22:43,MXP,Milan,2026-04-16,23.2,13.0,0.0,7.6
2026-04-13 11:22:43,MXP,Milan,2026-04-18,22.5,15.3,1.2,10.6
2026-04-13 11:22:44,MXP,Milan,2026-04-20,21.3,13.9,4.8,10.5
2026-04-13 11:22:44,MXP,Milan,2026-04-22,22.2,15.0,0.0,11.8
2026-04-13 11:22:44,MXP,Milan,2026-04-24,19.8,14.8,0.0,6.6
2026-04-13 11:22:45,MXP,Milan,2026-04-26,19.2,14.4,1.5,9.3
2026-04-13 11:22:45,MXP,Milan,2026-04-28,19.5,14.5,1.8,19.7
2026-04-13 11:22:46,NAP,Naples,2026-04-14,21.0,15.9,0.0,16.2
2026-04-13 11:22:46,NAP,Naples,2026-04-16,23.7,16.0,0.6,15.6
2026-04-13 11:22:47,NAP,Naples,2026-04-18,24.2,15.8,0.0,12.0
2026-04-13 11:22:47,NAP,Naples,2026-04-20,21.9,16.4,0.0,12.9
2026-04-13 11:22:47,NAP,Naples,2026-04-22,19.6,15.4,0.0,13.3
2026-04-13 11:22:48,NAP,Naples,2026-04-24,21.9,15.5,0.0,12.2
2026-04-13 11:22:48,NAP,Naples,2026-04-26,27.4,20.5,0.0,12.3
2026-04-13 11:22:49,NAP,Naples,2026-04-28,25.7,20.1,0.3,11.4
2026-04-13 11:22:49,BRI,Bari,2026-04-14,22.2,16.5,3.0,17.3
2026-04-13 11:22:50,BRI,Bari,2026-04-16,19.1,13.9,0.0,13.2
2026-04-13 11:22:50,BRI,Bari,2026-04-18,19.6,15.9,0.0,24.3
2026-04-13 11:22:50,BRI,Bari,2026-04-20,19.1,13.6,0.0,18.9
2026-04-13 11:22:51,BRI,Bari,2026-04-22,21.1,11.8,0.0,16.7
2026-04-13 11:22:51,BRI,Bari,2026-04-24,28.0,15.9,0.0,16.3
2026-04-13 11:22:52,BRI,Bari,2026-04-26,31.0,18.4,0.0,16.6
2026-04-13 11:22:55,BRI,Bari,2026-04-28,25.1,17.4,0.6,25.0
2026-04-13 11:22:56,TSF,Venice,2026-04-14,15.1,13.1,26.0,31.3
2026-04-13 11:22:56,TSF,Venice,2026-04-16,21.7,12.8,0.0,8.5
2026-04-13 11:22:57,TSF,Venice,2026-04-18,19.8,13.9,0.0,11.8
2026-04-13 11:22:57,TSF,Venice,2026-04-20,18.7,13.6,0.0,12.2
2026-04-13 11:22:58,TSF,Venice,2026-04-22,18.2,12.8,0.0,14.6
2026-04-13 11:22:58,TSF,Venice,2026-04-24,20.1,15.1,0.3,17.6
2026-04-13 11:22:58,TSF,Venice,2026-04-26,19.2,15.2,0.0,14.3
2026-04-13 11:22:59,TSF,Venice,2026-04-28,16.3,15.3,6.9,23.7
2026-04-14 18:03:27,STN,London,2026-04-15,16.2,11.9,2.0,23.8
2026-04-14 18:03:28,STN,London,2026-04-17,17.2,9.6,0.0,15.8
2026-04-14 18:03:28,STN,London,2026-04-19,13.1,8.0,0.0,12.2
2026-04-14 18:03:29,STN,London,2026-04-21,13.2,4.9,0.0,15.4
2026-04-14 18:03:29,STN,London,2026-04-23,11.8,7.2,1.2,16.1
2026-04-14 18:03:29,STN,London,2026-04-25,12.5,6.5,0.9,17.7
2026-04-14 18:03:30,STN,London,2026-04-27,12.4,6.1,0.6,15.4
2026-04-14 18:03:30,STN,London,2026-04-29,11.9,2.9,0.3,11.2
2026-04-14 18:03:31,BCN,Barcelona,2026-04-15,19.3,9.4,0.0,12.3
2026-04-14 18:03:31,BCN,Barcelona,2026-04-17,21.1,13.0,0.0,12.3
2026-04-14 18:03:31,BCN,Barcelona,2026-04-19,24.0,13.7,0.0,15.6
2026-04-14 18:03:32,BCN,Barcelona,2026-04-21,21.6,12.5,0.3,26.6
2026-04-14 18:03:32,BCN,Barcelona,2026-04-23,19.7,15.3,0.0,14.9
2026-04-14 18:03:33,BCN,Barcelona,2026-04-25,17.2,15.2,0.0,21.0
2026-04-14 18:03:33,BCN,Barcelona,2026-04-27,14.8,12.1,0.9,28.7
2026-04-14 18:03:34,BCN,Barcelona,2026-04-29,17.7,14.0,0.0,23.2
2026-04-14 18:03:34,CIA,Rome,2026-04-15,22.2,14.7,3.4,5.8
2026-04-14 18:03:35,CIA,Rome,2026-04-17,25.7,13.7,0.1,9.4
2026-04-14 18:03:35,CIA,Rome,2026-04-19,23.4,13.9,0.0,11.8
2026-04-14 18:03:35,CIA,Rome,2026-04-21,23.0,13.7,0.0,14.5
2026-04-14 18:03:36,CIA,Rome,2026-04-23,23.3,12.5,0.0,14.8
2026-04-14 18:03:36,CIA,Rome,2026-04-25,22.0,14.8,0.0,20.2
2026-04-14 18:03:37,CIA,Rome,2026-04-27,20.5,14.6,0.0,19.2
2026-04-14 18:03:37,CIA,Rome,2026-04-29,21.4,9.9,0.0,17.2
2026-04-14 18:03:37,BVA,Paris,2026-04-15,19.8,9.5,0.0,15.4
2026-04-14 18:03:38,BVA,Paris,2026-04-17,20.1,10.8,0.0,11.0
2026-04-14 18:03:38,BVA,Paris,2026-04-19,17.4,5.9,0.0,9.5
2026-04-14 18:03:38,BVA,Paris,2026-04-21,15.6,6.8,0.0,18.1
2026-04-14 18:03:39,BVA,Paris,2026-04-23,20.7,11.0,0.0,14.3
2026-04-14 18:03:39,BVA,Paris,2026-04-25,10.9,7.6,1.2,21.9
2026-04-14 18:03:40,BVA,Paris,2026-04-27,10.9,4.5,0.6,19.2
2026-04-14 18:03:40,BVA,Paris,2026-04-29,13.9,7.1,0.0,11.7
2026-04-14 18:03:40,EIN,Eindhoven,2026-04-15,19.1,7.3,0.0,13.0
2026-04-14 18:03:41,EIN,Eindhoven,2026-04-17,18.0,9.0,0.5,11.6
2026-04-14 18:03:41,EIN,Eindhoven,2026-04-19,14.2,5.4,0.3,15.0
2026-04-14 18:03:42,EIN,Eindhoven,2026-04-21,12.3,4.1,0.0,11.8
2026-04-14 18:03:42,EIN,Eindhoven,2026-04-23,13.6,4.7,1.5,15.6
2026-04-14 18:03:42,EIN,Eindhoven,2026-04-25,11.8,6.5,1.5,22.3
2026-04-14 18:03:43,EIN,Eindhoven,2026-04-27,10.1,3.8,3.0,19.6
2026-04-14 18:03:43,EIN,Eindhoven,2026-04-29,11.5,4.3,0.9,20.5
2026-04-14 18:03:44,MAD,Madrid,2026-04-15,22.9,8.1,0.0,11.9
2026-04-14 18:03:44,MAD,Madrid,2026-04-17,25.0,11.1,0.0,8.3
2026-04-14 18:03:44,MAD,Madrid,2026-04-19,25.7,14.6,0.0,13.5
2026-04-14 18:03:45,MAD,Madrid,2026-04-21,23.7,11.8,0.0,26.6
2026-04-14 18:03:45,MAD,Madrid,2026-04-23,26.5,13.9,0.0,19.6
2026-04-14 18:03:46,MAD,Madrid,2026-04-25,25.1,12.9,0.0,22.4
2026-04-14 18:03:46,MAD,Madrid,2026-04-27,22.8,9.3,0.0,17.8
2026-04-14 18:03:46,MAD,Madrid,2026-04-29,26.0,12.6,0.0,17.8
2026-04-14 18:03:47,PMI,Mallorca,2026-04-15,21.6,6.6,0.0,15.3
2026-04-14 18:03:47,PMI,Mallorca,2026-04-17,24.0,10.0,0.0,10.4
2026-04-14 18:03:47,PMI,Mallorca,2026-04-19,24.3,11.5,0.0,9.4
2026-04-14 18:03:50,PMI,Mallorca,2026-04-21,23.2,11.5,0.0,21.7
2026-04-14 18:03:50,PMI,Mallorca,2026-04-23,24.4,14.7,0.0,19.2
2026-04-14 18:03:51,PMI,Mallorca,2026-04-25,21.8,11.9,0.0,13.8
2026-04-14 18:03:51,PMI,Mallorca,2026-04-27,15.8,9.7,0.0,16.3
2026-04-14 18:03:52,PMI,Mallorca,2026-04-29,21.3,9.4,0.0,23.0
2026-04-14 18:03:52,AGP,Malaga,2026-04-15,25.3,15.1,0.0,11.5
2026-04-14 18:03:52,AGP,Malaga,2026-04-17,23.3,13.5,0.0,11.1
2026-04-14 18:04:03,AGP,Malaga,2026-04-21,22.8,15.6,0.0,11.3
2026-04-14 18:04:03,AGP,Malaga,2026-04-23,25.7,18.6,0.0,10.9
2026-04-14 18:04:04,AGP,Malaga,2026-04-25,27.2,18.3,0.3,13.7
2026-04-14 18:04:04,AGP,Malaga,2026-04-27,21.8,16.2,0.0,13.8
2026-04-14 18:04:04,AGP,Malaga,2026-04-29,22.5,15.6,0.0,13.7
2026-04-14 18:04:05,DUB,Dublin,2026-04-15,15.9,11.3,4.5,23.4
2026-04-14 18:04:05,DUB,Dublin,2026-04-17,14.5,10.5,0.3,24.5
2026-04-14 18:04:06,DUB,Dublin,2026-04-19,10.5,7.0,0.0,19.4
2026-04-14 18:04:09,DUB,Dublin,2026-04-21,10.2,7.9,0.3,21.9
2026-04-14 18:04:10,DUB,Dublin,2026-04-23,10.4,5.1,0.6,21.6
2026-04-14 18:04:10,DUB,Dublin,2026-04-25,10.1,3.5,0.0,14.3
2026-04-14 18:04:10,DUB,Dublin,2026-04-27,12.5,6.3,3.6,22.2
2026-04-14 18:04:11,DUB,Dublin,2026-04-29,8.6,1.1,0.0,11.9
2026-04-14 18:04:11,ATH,Athens,2026-04-15,22.8,13.0,0.0,16.9
2026-04-14 18:04:12,ATH,Athens,2026-04-17,23.4,15.8,0.0,15.0
2026-04-14 18:04:12,ATH,Athens,2026-04-19,21.7,12.0,0.0,16.8
2026-04-14 18:04:12,ATH,Athens,2026-04-21,22.7,12.0,0.0,12.9
2026-04-14 18:04:13,ATH,Athens,2026-04-23,22.8,16.1,0.0,16.2
2026-04-14 18:04:13,ATH,Athens,2026-04-25,22.2,16.1,0.0,15.9
2026-04-14 18:04:14,ATH,Athens,2026-04-27,24.9,16.7,0.0,14.4
2026-04-14 18:04:14,ATH,Athens,2026-04-29,27.4,19.4,0.0,15.6
2026-04-14 18:04:15,LIS,Lisbon,2026-04-15,19.7,12.5,0.0,13.6
2026-04-14 18:04:15,LIS,Lisbon,2026-04-17,23.7,11.8,0.0,9.2
2026-04-14 18:04:15,LIS,Lisbon,2026-04-19,19.9,14.2,0.0,8.0
2026-04-14 18:04:16,LIS,Lisbon,2026-04-21,22.2,15.4,0.0,23.5
2026-04-14 18:04:16,LIS,Lisbon,2026-04-23,21.3,12.1,0.0,16.7
2026-04-14 18:04:16,LIS,Lisbon,2026-04-25,20.9,12.0,0.0,28.1
2026-04-14 18:04:17,LIS,Lisbon,2026-04-27,21.4,12.4,0.0,27.0
2026-04-14 18:04:17,LIS,Lisbon,2026-04-29,27.5,15.1,0.0,12.2
2026-04-14 18:04:18,OPO,Porto,2026-04-15,16.8,12.0,0.0,10.9
2026-04-14 18:04:18,OPO,Porto,2026-04-17,17.5,9.4,0.0,11.6
2026-04-14 18:04:22,OPO,Porto,2026-04-19,17.2,14.3,0.0,8.4
2026-04-14 18:04:22,OPO,Porto,2026-04-21,19.4,13.4,0.0,19.9
2026-04-14 18:04:23,OPO,Porto,2026-04-23,17.1,11.2,0.0,11.7
2026-04-14 18:04:23,OPO,Porto,2026-04-25,18.0,10.7,0.0,36.7
2026-04-14 18:04:23,OPO,Porto,2026-04-27,16.5,8.9,0.0,33.6
2026-04-14 18:04:24,OPO,Porto,2026-04-29,21.4,13.4,0.0,15.1
2026-04-14 18:04:24,VLC,Valencia,2026-04-15,22.7,11.5,0.0,12.9
2026-04-14 18:04:24,VLC,Valencia,2026-04-17,21.1,14.1,0.0,10.8
2026-04-14 18:04:25,VLC,Valencia,2026-04-19,24.2,11.3,0.0,14.5
2026-04-14 18:04:25,VLC,Valencia,2026-04-21,22.7,12.8,0.0,22.2
2026-04-14 18:04:26,VLC,Valencia,2026-04-23,21.6,15.4,0.0,16.3
2026-04-14 18:04:26,VLC,Valencia,2026-04-25,19.4,15.4,0.0,20.2
2026-04-14 18:04:26,VLC,Valencia,2026-04-27,18.5,13.4,0.0,34.8
2026-04-14 18:04:27,VLC,Valencia,2026-04-29,19.1,12.6,0.0,20.2
2026-04-14 18:04:27,SVQ,Seville,2026-04-15,26.6,13.0,0.0,6.1
2026-04-14 18:04:28,SVQ,Seville,2026-04-17,30.2,15.4,0.0,10.1
2026-04-14 18:04:28,SVQ,Seville,2026-04-19,30.5,14.6,0.0,12.0
2026-04-14 18:04:28,SVQ,Seville,2026-04-21,27.4,15.7,0.0,30.1
2026-04-14 18:04:29,SVQ,Seville,2026-04-23,30.1,13.2,0.0,20.0
2026-04-14 18:04:29,SVQ,Seville,2026-04-25,29.5,15.0,0.0,26.4
2026-04-14 18:04:30,SVQ,Seville,2026-04-27,27.7,12.5,0.0,17.1
2026-04-14 18:04:30,SVQ,Seville,2026-04-29,29.6,12.4,0.0,18.1
2026-04-14 18:04:30,ACE,Lanzarote,2026-04-15,20.7,16.4,0.0,38.7
2026-04-14 18:04:31,ACE,Lanzarote,2026-04-17,25.8,15.9,0.0,29.4
2026-04-14 18:04:31,ACE,Lanzarote,2026-04-19,28.9,21.3,0.0,25.5
2026-04-14 18:04:35,ACE,Lanzarote,2026-04-21,24.7,17.4,0.0,20.6
2026-04-14 18:04:35,ACE,Lanzarote,2026-04-23,21.2,15.9,0.0,30.9
2026-04-14 18:04:36,ACE,Lanzarote,2026-04-25,21.3,16.2,0.0,37.5
2026-04-14 18:04:36,ACE,Lanzarote,2026-04-27,21.4,15.9,0.0,46.9
2026-04-14 18:04:36,ACE,Lanzarote,2026-04-29,23.5,15.7,0.0,23.7
2026-04-14 18:04:37,FCO,Rome FCO,2026-04-15,21.0,14.1,2.7,8.4
2026-04-14 18:04:37,FCO,Rome FCO,2026-04-17,23.0,14.0,0.0,15.5
2026-04-14 18:04:37,FCO,Rome FCO,2026-04-19,18.8,13.4,0.0,11.8
2026-04-14 18:04:38,FCO,Rome FCO,2026-04-21,18.7,14.8,0.0,15.3
2026-04-14 18:04:38,FCO,Rome FCO,2026-04-23,19.7,12.6,0.0,15.9
2026-04-14 18:04:39,FCO,Rome FCO,2026-04-25,19.9,14.7,0.0,31.8
2026-04-14 18:04:39,FCO,Rome FCO,2026-04-27,18.5,15.5,0.0,19.7
2026-04-14 18:04:39,FCO,Rome FCO,2026-04-29,18.1,9.8,0.0,20.9
2026-04-14 18:04:40,MXP,Milan,2026-04-15,20.7,12.3,0.0,8.9
2026-04-14 18:04:40,MXP,Milan,2026-04-17,23.5,15.2,0.0,6.4
2026-04-14 18:04:41,MXP,Milan,2026-04-19,24.4,15.3,0.3,8.3
2026-04-14 18:04:41,MXP,Milan,2026-04-21,17.4,12.3,2.7,10.3
2026-04-14 18:04:41,MXP,Milan,2026-04-23,23.5,12.3,0.0,18.3
2026-04-14 18:04:42,MXP,Milan,2026-04-25,23.3,12.6,1.2,16.6
2026-04-14 18:04:42,MXP,Milan,2026-04-27,15.3,10.3,2.4,12.6
2026-04-14 18:04:42,MXP,Milan,2026-04-29,17.5,7.6,0.0,12.4
2026-04-14 18:04:43,NAP,Naples,2026-04-15,21.7,15.6,19.9,7.2
2026-04-14 18:04:43,NAP,Naples,2026-04-17,25.3,15.2,0.0,13.2
2026-04-14 18:04:44,NAP,Naples,2026-04-19,21.2,15.0,0.0,11.2
2026-04-14 18:04:44,NAP,Naples,2026-04-21,19.5,16.2,0.0,14.5
2026-04-14 18:04:44,NAP,Naples,2026-04-23,20.6,15.1,0.0,12.6
2026-04-14 18:04:45,NAP,Naples,2026-04-25,20.6,15.6,0.0,24.2
2026-04-14 18:04:45,NAP,Naples,2026-04-27,20.5,15.6,1.5,18.6
2026-04-14 18:04:46,NAP,Naples,2026-04-29,20.8,13.1,0.0,18.4
2026-04-14 18:04:46,BRI,Bari,2026-04-15,18.8,15.4,12.4,19.0
2026-04-14 18:04:47,BRI,Bari,2026-04-17,21.3,15.2,0.0,15.6
2026-04-14 18:04:47,BRI,Bari,2026-04-19,20.5,14.5,0.0,14.1
2026-04-14 18:04:50,BRI,Bari,2026-04-21,21.0,14.8,0.0,19.8
2026-04-14 18:04:50,BRI,Bari,2026-04-23,23.2,15.3,0.0,15.6
2026-04-14 18:04:51,BRI,Bari,2026-04-25,28.0,15.4,0.0,23.7
2026-04-14 18:04:51,BRI,Bari,2026-04-27,26.9,17.9,0.3,10.2
2026-04-14 18:04:52,BRI,Bari,2026-04-29,18.5,12.9,0.0,20.7
2026-04-14 18:04:52,TSF,Venice,2026-04-15,18.1,13.8,1.2,16.5
2026-04-14 18:04:52,TSF,Venice,2026-04-17,22.1,14.2,0.0,9.0
2026-04-14 18:04:53,TSF,Venice,2026-04-19,23.0,13.5,0.9,11.5
2026-04-14 18:04:53,TSF,Venice,2026-04-21,17.0,11.2,3.45,13.1
2026-04-14 18:04:53,TSF,Venice,2026-04-23,14.2,11.2,1.5,26.6
2026-04-14 18:04:54,TSF,Venice,2026-04-25,16.6,11.1,1.5,24.5
2026-04-14 18:04:54,TSF,Venice,2026-04-27,18.2,9.6,0.6,26.5
2026-04-14 18:04:55,TSF,Venice,2026-04-29,16.1,6.3,0.0,20.9
2026-04-16 16:37:57,STN,London,2026-04-17,17.5,11.0,0.9,19.1
2026-04-16 16:37:58,STN,London,2026-04-19,13.4,6.7,0.0,14.8
2026-04-16 16:37:58,STN,London,2026-04-21,11.3,6.9,0.0,20.5
2026-04-16 16:38:01,STN,London,2026-04-23,18.4,9.3,0.0,13.3
2026-04-16 16:38:02,STN,London,2026-04-25,10.9,3.8,1.5,19.6
2026-04-16 16:38:02,STN,London,2026-04-27,15.1,4.6,0.0,14.3
2026-04-16 16:38:03,STN,London,2026-04-29,23.0,9.1,0.0,11.4
2026-04-16 16:38:03,STN,London,2026-05-01,17.5,10.3,0.6,15.1
2026-04-16 16:38:03,BCN,Barcelona,2026-04-17,21.2,13.1,0.0,11.5
2026-04-16 16:38:04,BCN,Barcelona,2026-04-19,22.9,14.3,0.0,17.1
2026-04-16 16:38:04,BCN,Barcelona,2026-04-21,15.4,13.2,2.7,13.7
2026-04-16 16:38:05,BCN,Barcelona,2026-04-23,16.9,10.6,0.0,28.4
2026-04-16 16:38:05,BCN,Barcelona,2026-04-25,15.6,14.9,0.3,23.6
2026-04-16 16:38:05,BCN,Barcelona,2026-04-27,17.2,15.7,0.0,26.0
2026-04-16 16:38:06,BCN,Barcelona,2026-04-29,19.4,16.7,0.3,17.4
2026-04-16 16:38:06,BCN,Barcelona,2026-05-01,18.1,15.6,0.0,15.8
2026-04-16 16:38:07,CIA,Rome,2026-04-17,26.6,12.3,0.0,13.6
2026-04-16 16:38:07,CIA,Rome,2026-04-19,24.8,11.7,0.0,12.0
2026-04-16 16:38:07,CIA,Rome,2026-04-21,19.9,15.2,0.15,19.8
2026-04-16 16:38:08,CIA,Rome,2026-04-23,22.2,11.5,0.0,17.5
2026-04-16 16:38:08,CIA,Rome,2026-04-25,21.7,11.3,0.0,18.7
2026-04-16 16:38:08,CIA,Rome,2026-04-27,22.4,13.1,0.6,10.6
2026-04-16 16:38:09,CIA,Rome,2026-04-29,21.9,13.9,1.8,14.1
2026-04-16 16:38:09,CIA,Rome,2026-05-01,21.9,13.7,0.3,15.6
2026-04-16 16:38:10,BVA,Paris,2026-04-17,20.1,11.0,0.0,9.1
2026-04-16 16:38:10,BVA,Paris,2026-04-19,17.7,6.6,0.0,15.5
2026-04-16 16:38:10,BVA,Paris,2026-04-21,14.0,5.5,0.0,22.6
2026-04-16 16:38:11,BVA,Paris,2026-04-23,18.7,4.7,0.0,20.2
2026-04-16 16:38:11,BVA,Paris,2026-04-25,20.7,13.6,0.0,12.1
2026-04-16 16:38:12,BVA,Paris,2026-04-27,20.4,8.3,0.0,17.5
2026-04-16 16:38:12,BVA,Paris,2026-04-29,23.0,11.9,0.0,16.6
2026-04-16 16:38:12,BVA,Paris,2026-05-01,20.1,9.2,0.0,15.5
2026-04-16 16:38:13,EIN,Eindhoven,2026-04-17,20.3,10.6,0.0,10.4
2026-04-16 16:38:13,EIN,Eindhoven,2026-04-19,14.5,5.5,1.3,18.2
2026-04-16 16:38:14,EIN,Eindhoven,2026-04-21,12.4,4.1,0.0,18.9
2026-04-16 16:38:14,EIN,Eindhoven,2026-04-23,18.8,6.6,0.0,12.1
2026-04-16 16:38:14,EIN,Eindhoven,2026-04-25,11.1,4.8,1.2,20.6
2026-04-16 16:38:15,EIN,Eindhoven,2026-04-27,16.6,3.2,0.0,11.2
2026-04-16 16:38:15,EIN,Eindhoven,2026-04-29,22.5,9.7,0.0,11.6
2026-04-16 16:38:16,EIN,Eindhoven,2026-05-01,17.4,4.8,1.2,9.5
2026-04-16 16:38:16,MAD,Madrid,2026-04-17,25.9,10.2,0.0,9.9
2026-04-16 16:38:16,MAD,Madrid,2026-04-19,27.5,13.7,0.0,7.4
2026-04-16 16:38:17,MAD,Madrid,2026-04-21,25.2,12.6,0.3,16.2
2026-04-16 16:38:17,MAD,Madrid,2026-04-23,23.9,12.9,0.0,20.1
2026-04-16 16:38:18,MAD,Madrid,2026-04-25,21.9,11.9,0.6,19.0
2026-04-16 16:38:18,MAD,Madrid,2026-04-27,20.1,13.2,3.3,16.4
2026-04-16 16:38:18,MAD,Madrid,2026-04-29,20.6,12.5,1.2,10.1
2026-04-16 16:38:19,MAD,Madrid,2026-05-01,24.9,12.7,0.0,13.4
2026-04-16 16:38:19,PMI,Mallorca,2026-04-17,24.2,9.5,0.0,11.6
2026-04-16 16:38:19,PMI,Mallorca,2026-04-19,25.3,10.8,0.0,8.2
2026-04-16 16:38:20,PMI,Mallorca,2026-04-21,20.1,12.6,1.5,8.7
2026-04-16 16:38:20,PMI,Mallorca,2026-04-23,20.0,10.5,0.0,23.8
2026-04-16 16:38:21,PMI,Mallorca,2026-04-25,19.6,15.3,0.0,10.8
2026-04-16 16:38:21,PMI,Mallorca,2026-04-27,18.9,14.2,0.0,24.4
2026-04-16 16:38:21,PMI,Mallorca,2026-04-29,20.3,13.6,0.0,19.8
2026-04-16 16:38:22,PMI,Mallorca,2026-05-01,21.9,13.4,1.5,21.0
2026-04-16 16:38:22,AGP,Malaga,2026-04-17,23.4,13.6,0.0,10.9
2026-04-16 16:38:22,AGP,Malaga,2026-04-19,22.9,12.9,0.0,13.3
2026-04-16 16:38:25,AGP,Malaga,2026-04-21,32.2,16.1,0.0,9.2
2026-04-16 16:38:26,AGP,Malaga,2026-04-23,21.0,16.8,0.0,13.7
2026-04-16 16:38:26,AGP,Malaga,2026-04-25,23.9,15.8,0.0,12.1
2026-04-16 16:38:27,AGP,Malaga,2026-04-27,21.3,16.3,2.7,10.7
2026-04-16 16:38:27,AGP,Malaga,2026-04-29,20.8,16.4,0.0,9.1
2026-04-16 16:38:27,AGP,Malaga,2026-05-01,27.6,17.9,0.0,10.8
2026-04-16 16:38:28,DUB,Dublin,2026-04-17,14.2,10.8,2.4,27.4
2026-04-16 16:38:28,DUB,Dublin,2026-04-19,10.8,4.0,0.0,13.0
2026-04-16 16:38:29,DUB,Dublin,2026-04-21,9.9,8.0,0.0,18.0
2026-04-16 16:38:29,DUB,Dublin,2026-04-23,10.5,7.8,0.0,22.7
2026-04-16 16:38:29,DUB,Dublin,2026-04-25,9.7,1.7,1.5,20.6
2026-04-16 16:38:30,DUB,Dublin,2026-04-27,12.1,5.3,0.0,22.5
2026-04-16 16:38:30,DUB,Dublin,2026-04-29,13.8,7.8,0.0,10.5
2026-04-16 16:38:31,DUB,Dublin,2026-05-01,13.3,9.0,0.0,12.9
2026-04-16 16:38:31,ATH,Athens,2026-04-17,22.0,15.3,0.0,14.6
2026-04-16 16:38:31,ATH,Athens,2026-04-19,20.5,12.3,0.0,11.9
2026-04-16 16:38:32,ATH,Athens,2026-04-21,22.7,13.2,0.0,12.3
2026-04-16 16:38:32,ATH,Athens,2026-04-23,22.9,12.9,1.95,23.8
2026-04-16 16:38:33,ATH,Athens,2026-04-25,18.3,10.1,0.0,14.5
2026-04-16 16:38:33,ATH,Athens,2026-04-27,21.8,13.8,0.0,14.7
2026-04-16 16:38:33,ATH,Athens,2026-04-29,15.4,11.8,0.6,22.9
2026-04-16 16:38:34,ATH,Athens,2026-05-01,18.6,13.5,0.0,11.7
2026-04-16 16:38:34,LIS,Lisbon,2026-04-17,24.4,12.0,0.0,14.1
2026-04-16 16:38:35,LIS,Lisbon,2026-04-19,23.2,14.4,0.0,13.5
2026-04-16 16:38:35,LIS,Lisbon,2026-04-21,24.2,17.2,0.0,10.6
2026-04-16 16:38:38,LIS,Lisbon,2026-04-23,21.4,14.7,0.0,20.0
2026-04-16 16:38:39,LIS,Lisbon,2026-04-25,20.1,13.3,1.2,21.9
2026-04-16 16:38:39,LIS,Lisbon,2026-04-27,22.1,14.1,0.0,19.2
2026-04-16 16:38:40,LIS,Lisbon,2026-04-29,21.9,13.2,0.0,24.4
2026-04-16 16:38:40,LIS,Lisbon,2026-05-01,28.7,15.9,0.0,13.6
2026-04-16 16:38:40,OPO,Porto,2026-04-17,17.7,8.2,0.0,12.8
2026-04-16 16:38:41,OPO,Porto,2026-04-19,23.2,11.5,0.0,10.4
2026-04-16 16:38:41,OPO,Porto,2026-04-21,16.8,12.7,0.0,6.9
2026-04-16 16:38:41,OPO,Porto,2026-04-23,17.6,14.3,0.0,13.3
2026-04-16 16:38:42,OPO,Porto,2026-04-25,17.5,12.9,0.6,23.0
2026-04-16 16:38:42,OPO,Porto,2026-04-27,18.2,13.3,0.0,17.4
2026-04-16 16:38:43,OPO,Porto,2026-04-29,18.7,12.3,0.0,26.2
2026-04-16 16:38:43,OPO,Porto,2026-05-01,21.7,14.5,0.0,15.1
2026-04-16 16:38:43,VLC,Valencia,2026-04-17,21.4,12.2,0.0,11.6
2026-04-16 16:38:44,VLC,Valencia,2026-04-19,22.3,12.6,0.0,11.8
2026-04-16 16:38:44,VLC,Valencia,2026-04-21,21.9,14.8,0.3,14.5
2026-04-16 16:38:45,VLC,Valencia,2026-04-23,17.5,15.6,0.0,27.2
2026-04-16 16:38:45,VLC,Valencia,2026-04-25,21.1,13.8,0.0,24.3
2026-04-16 16:38:45,VLC,Valencia,2026-04-27,18.8,15.4,0.6,30.1
2026-04-16 16:38:46,VLC,Valencia,2026-04-29,19.7,14.4,0.0,15.2
2026-04-16 16:38:46,VLC,Valencia,2026-05-01,23.1,15.0,0.0,25.0
2026-04-16 16:38:47,SVQ,Seville,2026-04-17,30.6,14.8,0.0,8.5
2026-04-16 16:38:47,SVQ,Seville,2026-04-19,30.4,15.0,0.0,10.3
2026-04-16 16:38:47,SVQ,Seville,2026-04-21,31.9,14.4,0.0,10.7
2026-04-16 16:38:48,SVQ,Seville,2026-04-23,24.2,12.5,0.0,19.1
2026-04-16 16:38:48,SVQ,Seville,2026-04-25,23.8,12.0,0.0,23.0
2026-04-16 16:38:48,SVQ,Seville,2026-04-27,22.7,12.9,0.3,21.9
2026-04-16 16:38:49,SVQ,Seville,2026-04-29,21.7,13.1,0.0,13.7
2026-04-16 16:38:49,SVQ,Seville,2026-05-01,30.7,15.4,0.0,10.4
2026-04-16 16:38:50,ACE,Lanzarote,2026-04-17,24.9,16.2,0.0,27.4
2026-04-16 16:38:50,ACE,Lanzarote,2026-04-19,27.2,22.0,0.0,19.7
2026-04-16 16:38:50,ACE,Lanzarote,2026-04-21,22.5,17.6,0.0,24.5
2026-04-16 16:38:51,ACE,Lanzarote,2026-04-23,23.3,16.0,0.0,14.1
2026-04-16 16:38:51,ACE,Lanzarote,2026-04-25,23.3,17.0,0.0,17.1
2026-04-16 16:38:51,ACE,Lanzarote,2026-04-27,23.1,17.3,0.0,13.7
2026-04-16 16:38:52,ACE,Lanzarote,2026-04-29,21.8,15.8,0.0,35.5
2026-04-16 16:38:52,ACE,Lanzarote,2026-05-01,22.8,16.5,0.0,30.7
2026-04-16 16:38:53,FCO,Rome FCO,2026-04-17,23.4,12.3,0.0,16.6
2026-04-16 16:38:53,FCO,Rome FCO,2026-04-19,21.9,12.3,0.0,13.6
2026-04-16 16:38:53,FCO,Rome FCO,2026-04-21,17.7,16.0,0.3,23.6
2026-04-16 16:38:54,FCO,Rome FCO,2026-04-23,19.1,13.6,0.0,19.7
2026-04-16 16:38:54,FCO,Rome FCO,2026-04-25,18.9,10.9,0.0,14.6
2026-04-16 16:38:54,FCO,Rome FCO,2026-04-27,22.6,13.2,0.0,14.4
2026-04-16 16:38:55,FCO,Rome FCO,2026-04-29,19.7,14.4,0.3,12.6
2026-04-16 16:38:55,FCO,Rome FCO,2026-05-01,19.8,14.6,0.0,13.1
2026-04-16 16:38:56,MXP,Milan,2026-04-17,23.6,13.8,0.0,8.4
2026-04-16 16:38:56,MXP,Milan,2026-04-19,19.7,14.9,4.1,8.2
2026-04-16 16:38:56,MXP,Milan,2026-04-21,14.8,9.7,13.65,14.0
2026-04-16 16:38:57,MXP,Milan,2026-04-23,17.7,7.7,0.3,10.7
2026-04-16 16:38:57,MXP,Milan,2026-04-25,21.0,11.8,0.0,7.4
2026-04-16 16:38:57,MXP,Milan,2026-04-27,18.9,14.5,0.0,13.4
2026-04-16 16:38:58,MXP,Milan,2026-04-29,22.8,14.1,0.0,9.7
2026-04-16 16:38:58,MXP,Milan,2026-05-01,19.2,13.2,6.0,6.5
2026-04-16 16:38:59,NAP,Naples,2026-04-17,25.8,14.9,0.0,16.4
2026-04-16 16:38:59,NAP,Naples,2026-04-19,23.5,14.3,0.0,15.3
2026-04-16 16:38:59,NAP,Naples,2026-04-21,19.2,16.3,0.3,20.5
2026-04-16 16:39:00,NAP,Naples,2026-04-23,21.2,14.4,0.6,23.2
2026-04-16 16:39:00,NAP,Naples,2026-04-25,19.1,13.6,0.0,16.1
2026-04-16 16:39:04,NAP,Naples,2026-04-27,26.0,17.1,0.3,10.8
2026-04-16 16:39:05,NAP,Naples,2026-04-29,23.6,16.1,0.0,15.3
2026-04-16 16:39:05,NAP,Naples,2026-05-01,20.0,16.2,0.0,17.1
2026-04-16 16:39:05,BRI,Bari,2026-04-17,20.7,14.6,0.0,14.3
2026-04-16 16:39:06,BRI,Bari,2026-04-19,19.7,13.9,0.0,10.1
2026-04-16 16:39:06,BRI,Bari,2026-04-21,23.5,15.5,0.0,12.9
2026-04-16 16:39:07,BRI,Bari,2026-04-23,18.4,12.5,0.0,23.1
2026-04-16 16:39:07,BRI,Bari,2026-04-25,20.4,10.8,0.0,17.8
2026-04-16 16:39:08,BRI,Bari,2026-04-27,21.2,14.2,0.0,12.4
2026-04-16 16:39:08,BRI,Bari,2026-04-29,15.1,14.3,0.0,14.1
2026-04-16 16:39:08,BRI,Bari,2026-05-01,21.6,13.6,0.3,15.6
2026-04-16 16:39:09,TSF,Venice,2026-04-17,20.8,14.5,0.0,11.3
2026-04-16 16:39:09,TSF,Venice,2026-04-19,18.9,13.0,1.2,9.4
2026-04-16 16:39:10,TSF,Venice,2026-04-21,16.9,10.7,2.1,17.1
2026-04-16 16:39:10,TSF,Venice,2026-04-23,16.3,9.4,6.0,12.3
2026-04-16 16:39:10,TSF,Venice,2026-04-25,17.4,11.2,0.0,20.7
2026-04-16 16:39:11,TSF,Venice,2026-04-27,16.0,13.9,0.0,10.9
2026-04-16 16:39:11,TSF,Venice,2026-04-29,18.3,12.1,0.0,14.7
2026-04-16 16:39:12,TSF,Venice,2026-05-01,18.6,13.7,1.2,23.8
